[
  {
    "id": 1,
    "name": "Green Shop",
    "category": "Electronics",
    "address": "182, MG Road, Patna, Bihar",
    "phone": "+91 7221234305",
    "rating": 4.2,
    "distance": "9.5 km",
    "status": "Closed",
    "image": "https://picsum.photos/id/1/200/300"
  },
  {
    "id": 2,
    "name": "Prime Hub",
    "category": "Pet Store",
    "address": "151, Main Road, Coimbatore, Tamil Nadu",
    "phone": "+91 9106359098",
    "rating": 4.2,
    "distance": "2.0 km",
    "status": "Closed",
    "image": "https://picsum.photos/id/2/200/300"
  },
  {
    "id": 3,
    "name": "Fresh Market",
    "category": "Footwear",
    "address": "138, Station Road, Noida, Uttar Pradesh",
    "phone": "+91 7634175114",
    "rating": 3.9,
    "distance": "2.7 km",
    "status": "Open Now",
    "image": "https://picsum.photos/id/3/200/300"
  },
  {
    "id": 4,
    "name": "Classic Point",
    "category": "Hardware",
    "address": "82, Bazaar Road, Hyderabad, Telangana",
    "phone": "+91 7109691773",
    "rating": 3.8,
    "distance": "3.4 km",
    "status": "Closed",
    "image": "https://picsum.photos/id/4/200/300"
  },
  {
    "id": 5,
    "name": "Happy Mart",
    "category": "Cafe",
    "address": "58, Main Road, Gurgaon, Haryana",
    "phone": "+91 8143604199",
    "rating": 4.4,
    "distance": "0.9 km",
    "status": "Closed",
    "image": "https://picsum.photos/id/5/200/300"
  },
  {
    "id": 6,
    "name": "Urban Market",
    "category": "Carpenter",
    "address": "35, Station Road, Hyderabad, Telangana",
    "phone": "+91 8959042685",
    "rating": 4.5,
    "distance": "1.6 km",
    "status": "Closed",
    "image": "https://picsum.photos/id/6/200/300"
  },
  {
    "id": 7,
    "name": "Green Plaza",
    "category": "Stationery",
    "address": "153, Bazaar Road, Hyderabad, Telangana",
    "phone": "+91 9286861453",
    "rating": 3.7,
    "distance": "2.7 km",
    "status": "Open Now",
    "image": "https://picsum.photos/id/7/200/300"
  },
  {
    "id": 8,
    "name": "Fresh Point",
    "category": "Pharmacy",
    "address": "136, MG Road, Kolkata, West Bengal",
    "phone": "+91 9159709979",
    "rating": 4.9,
    "distance": "8.1 km",
    "status": "Closed",
    "image": "https://picsum.photos/id/8/200/300"
  },
  {
    "id": 9,
    "name": "Prime Corner",
    "category": "Laundry",
    "address": "153, Station Road, Bhopal, Madhya Pradesh",
    "phone": "+91 9377608064",
    "rating": 4.1,
    "distance": "0.7 km",
    "status": "Closed",
    "image": "https://picsum.photos/id/9/200/300"
  },
  {
    "id": 10,
    "name": "Super Corner",
    "category": "Phone Repair",
    "address": "114, Market Street, Delhi, Delhi",
    "phone": "+91 7169437181",
    "rating": 4.6,
    "distance": "3.2 km",
    "status": "Open Now",
    "image": "https://picsum.photos/id/10/200/300"
  },
  {
    "id": 11,
    "name": "Urban Store",
    "category": "Restaurant",
    "address": "179, MG Road, Mumbai, Maharashtra",
    "phone": "+91 7947426162",
    "rating": 3.9,
    "distance": "6.0 km",
    "status": "Closed",
    "image": "https://picsum.photos/id/11/200/300"
  },
  {
    "id": 12,
    "name": "Prime Plaza",
    "category": "Electronics",
    "address": "199, Bazaar Road, Delhi, Delhi",
    "phone": "+91 7970665598",
    "rating": 3.8,
    "distance": "7.1 km",
    "status": "Closed",
    "image": "https://picsum.photos/id/12/200/300"
  },
  {
    "id": 13,
    "name": "Modern Store",
    "category": "Stationery",
    "address": "158, MG Road, Bangalore, Karnataka",
    "phone": "+91 7351654259",
    "rating": 3.7,
    "distance": "9.3 km",
    "status": "Closed",
    "image": "https://picsum.photos/id/13/200/300"
  },
  {
    "id": 14,
    "name": "Local Corner",
    "category": "Sports Shop",
    "address": "66, Station Road, Hyderabad, Telangana",
    "phone": "+91 9069928248",
    "rating": 4.7,
    "distance": "4.9 km",
    "status": "Closed",
    "image": "https://picsum.photos/id/14/200/300"
  },
  {
    "id": 15,
    "name": "Classic Corner",
    "category": "Clothing",
    "address": "116, Bazaar Road, Kolkata, West Bengal",
    "phone": "+91 8314772643",
    "rating": 4.4,
    "distance": "5.8 km",
    "status": "Open Now",
    "image": "https://picsum.photos/id/15/200/300"
  },
  {
    "id": 16,
    "name": "Local Market",
    "category": "Cafe",
    "address": "56, Station Road, Chennai, Tamil Nadu",
    "phone": "+91 8908919686",
    "rating": 3.5,
    "distance": "6.3 km",
    "status": "Closed",
    "image": "https://picsum.photos/id/16/200/300"
  },
  {
    "id": 17,
    "name": "Elite Center",
    "category": "Toy Shop",
    "address": "42, Main Road, Delhi, Delhi",
    "phone": "+91 8961907116",
    "rating": 3.8,
    "distance": "0.9 km",
    "status": "Open Now",
    "image": "https://picsum.photos/id/17/200/300"
  },
  {
    "id": 18,
    "name": "Modern Shop",
    "category": "Pet Store",
    "address": "48, Market Street, Pune, Maharashtra",
    "phone": "+91 9086500738",
    "rating": 4.0,
    "distance": "6.1 km",
    "status": "Closed",
    "image": "https://picsum.photos/id/18/200/300"
  },
  {
    "id": 19,
    "name": "Golden Point",
    "category": "Salon",
    "address": "85, Main Road, Coimbatore, Tamil Nadu",
    "phone": "+91 7207850619",
    "rating": 3.7,
    "distance": "8.8 km",
    "status": "Closed",
    "image": "https://picsum.photos/id/19/200/300"
  },
  {
    "id": 20,
    "name": "Happy Mart",
    "category": "Phone Repair",
    "address": "110, Main Road, Surat, Gujarat",
    "phone": "+91 7246526839",
    "rating": 4.3,
    "distance": "2.4 km",
    "status": "Closed",
    "image": "https://picsum.photos/id/20/200/300"
  },
  {
    "id": 21,
    "name": "Royal Shop",
    "category": "Sweet Shop",
    "address": "129, Bazaar Road, Surat, Gujarat",
    "phone": "+91 9824183394",
    "rating": 4.4,
    "distance": "6.7 km",
    "status": "Open Now",
    "image": "https://picsum.photos/id/21/200/300"
  },
  {
    "id": 22,
    "name": "Fresh Store",
    "category": "Grocery",
    "address": "94, Main Road, Bangalore, Karnataka",
    "phone": "+91 9210893524",
    "rating": 4.5,
    "distance": "7.5 km",
    "status": "Open Now",
    "image": "https://picsum.photos/id/22/200/300"
  },
  {
    "id": 23,
    "name": "Elite Center",
    "category": "Salon",
    "address": "104, Main Road, Visakhapatnam, Andhra Pradesh",
    "phone": "+91 9447252762",
    "rating": 4.7,
    "distance": "1.2 km",
    "status": "Open Now",
    "image": "https://picsum.photos/id/23/200/300"
  },
  {
    "id": 24,
    "name": "Local Plaza",
    "category": "Cafe",
    "address": "45, MG Road, Noida, Uttar Pradesh",
    "phone": "+91 8551902994",
    "rating": 4.5,
    "distance": "5.9 km",
    "status": "Open Now",
    "image": "https://picsum.photos/id/24/200/300"
  },
  {
    "id": 25,
    "name": "Prime Hub",
    "category": "Carpenter",
    "address": "82, MG Road, Mumbai, Maharashtra",
    "phone": "+91 8585291973",
    "rating": 4.3,
    "distance": "4.6 km",
    "status": "Closed",
    "image": "https://picsum.photos/id/25/200/300"
  },
  {
    "id": 26,
    "name": "Family Plaza",
    "category": "Toy Shop",
    "address": "28, Market Street, Indore, Madhya Pradesh",
    "phone": "+91 8341059272",
    "rating": 4.5,
    "distance": "5.6 km",
    "status": "Open Now",
    "image": "https://picsum.photos/id/26/200/300"
  },
  {
    "id": 27,
    "name": "Metro Point",
    "category": "Carpenter",
    "address": "148, MG Road, Nagpur, Maharashtra",
    "phone": "+91 7534146210",
    "rating": 4.2,
    "distance": "7.5 km",
    "status": "Open Now",
    "image": "https://picsum.photos/id/27/200/300"
  },
  {
    "id": 28,
    "name": "Royal Plaza",
    "category": "Carpenter",
    "address": "100, MG Road, Visakhapatnam, Andhra Pradesh",
    "phone": "+91 7359098245",
    "rating": 3.8,
    "distance": "7.9 km",
    "status": "Open Now",
    "image": "https://picsum.photos/id/28/200/300"
  },
  {
    "id": 29,
    "name": "Pure Shop",
    "category": "Electronics",
    "address": "138, Main Road, Coimbatore, Tamil Nadu",
    "phone": "+91 9960233143",
    "rating": 4.2,
    "distance": "3.5 km",
    "status": "Closed",
    "image": "https://picsum.photos/id/29/200/300"
  },
  {
    "id": 30,
    "name": "Classic Center",
    "category": "Sweet Shop",
    "address": "189, Main Road, Bangalore, Karnataka",
    "phone": "+91 8565699233",
    "rating": 4.2,
    "distance": "2.4 km",
    "status": "Open Now",
    "image": "https://picsum.photos/id/30/200/300"
  },
  {
    "id": 31,
    "name": "Green Hub",
    "category": "Pet Store",
    "address": "178, Station Road, Jaipur, Rajasthan",
    "phone": "+91 8369656544",
    "rating": 4.5,
    "distance": "3.4 km",
    "status": "Open Now",
    "image": "https://picsum.photos/id/31/200/300"
  },
  {
    "id": 32,
    "name": "Royal Bazaar",
    "category": "Cafe",
    "address": "147, Market Street, Indore, Madhya Pradesh",
    "phone": "+91 7979145590",
    "rating": 5.0,
    "distance": "6.8 km",
    "status": "Closed",
    "image": "https://picsum.photos/id/32/200/300"
  },
  {
    "id": 33,
    "name": "Smart Market",
    "category": "Hardware",
    "address": "148, Market Street, Lucknow, Uttar Pradesh",
    "phone": "+91 7823865800",
    "rating": 4.0,
    "distance": "8.9 km",
    "status": "Closed",
    "image": "https://picsum.photos/id/33/200/300"
  },
  {
    "id": 34,
    "name": "Pure Center",
    "category": "Cafe",
    "address": "11, Market Street, Mumbai, Maharashtra",
    "phone": "+91 7117730292",
    "rating": 3.6,
    "distance": "2.9 km",
    "status": "Closed",
    "image": "https://picsum.photos/id/34/200/300"
  },
  {
    "id": 35,
    "name": "Smart Corner",
    "category": "Pharmacy",
    "address": "21, Market Street, Bangalore, Karnataka",
    "phone": "+91 7109449098",
    "rating": 4.1,
    "distance": "3.4 km",
    "status": "Closed",
    "image": "https://picsum.photos/id/35/200/300"
  },
  {
    "id": 36,
    "name": "Daily Plaza",
    "category": "Electronics",
    "address": "54, Main Road, Pune, Maharashtra",
    "phone": "+91 9184464184",
    "rating": 4.4,
    "distance": "2.3 km",
    "status": "Open Now",
    "image": "https://picsum.photos/id/36/200/300"
  },
  {
    "id": 37,
    "name": "Golden Center",
    "category": "Grocery",
    "address": "17, MG Road, Chandigarh, Punjab",
    "phone": "+91 8505050606",
    "rating": 4.5,
    "distance": "5.1 km",
    "status": "Open Now",
    "image": "https://picsum.photos/id/37/200/300"
  },
  {
    "id": 38,
    "name": "Local Plaza",
    "category": "Salon",
    "address": "130, MG Road, Hyderabad, Telangana",
    "phone": "+91 9144700306",
    "rating": 4.3,
    "distance": "2.9 km",
    "status": "Closed",
    "image": "https://picsum.photos/id/38/200/300"
  },
  {
    "id": 39,
    "name": "City Center",
    "category": "Food",
    "address": "140, Station Road, Nagpur, Maharashtra",
    "phone": "+91 7288623929",
    "rating": 4.9,
    "distance": "5.2 km",
    "status": "Closed",
    "image": "https://picsum.photos/id/39/200/300"
  },
  {
    "id": 40,
    "name": "Prime Mart",
    "category": "Stationery",
    "address": "163, Station Road, Chennai, Tamil Nadu",
    "phone": "+91 9181800721",
    "rating": 4.6,
    "distance": "3.1 km",
    "status": "Closed",
    "image": "https://picsum.photos/id/40/200/300"
  },
  {
    "id": 41,
    "name": "Urban Market",
    "category": "Clothing",
    "address": "156, Main Road, Nagpur, Maharashtra",
    "phone": "+91 8802600593",
    "rating": 4.3,
    "distance": "5.4 km",
    "status": "Closed",
    "image": "https://picsum.photos/id/41/200/300"
  },
  {
    "id": 42,
    "name": "Family Plaza",
    "category": "Stationery",
    "address": "54, Market Street, Gurgaon, Haryana",
    "phone": "+91 8686808036",
    "rating": 4.4,
    "distance": "8.7 km",
    "status": "Open Now",
    "image": "https://picsum.photos/id/42/200/300"
  },
  {
    "id": 43,
    "name": "Blue Corner",
    "category": "Clothing",
    "address": "45, Station Road, Hyderabad, Telangana",
    "phone": "+91 7950646067",
    "rating": 3.7,
    "distance": "5.3 km",
    "status": "Closed",
    "image": "https://picsum.photos/id/43/200/300"
  },
  {
    "id": 44,
    "name": "Classic Center",
    "category": "Toy Shop",
    "address": "187, MG Road, Gurgaon, Haryana",
    "phone": "+91 7012703733",
    "rating": 3.9,
    "distance": "8.8 km",
    "status": "Open Now",
    "image": "https://picsum.photos/id/44/200/300"
  },
  {
    "id": 45,
    "name": "Blue Corner",
    "category": "Food",
    "address": "131, Main Road, Bangalore, Karnataka",
    "phone": "+91 9063319412",
    "rating": 4.2,
    "distance": "7.7 km",
    "status": "Closed",
    "image": "https://picsum.photos/id/45/200/300"
  },
  {
    "id": 46,
    "name": "Prime Shop",
    "category": "Toy Shop",
    "address": "189, Market Street, Indore, Madhya Pradesh",
    "phone": "+91 7767844605",
    "rating": 4.4,
    "distance": "6.2 km",
    "status": "Open Now",
    "image": "https://picsum.photos/id/46/200/300"
  },
  {
    "id": 47,
    "name": "Pure Mart",
    "category": "Restaurant",
    "address": "149, Market Street, Gurgaon, Haryana",
    "phone": "+91 7437224851",
    "rating": 4.3,
    "distance": "2.8 km",
    "status": "Closed",
    "image": "https://picsum.photos/id/47/200/300"
  },
  {
    "id": 48,
    "name": "Happy Center",
    "category": "Laundry",
    "address": "97, Market Street, Bhopal, Madhya Pradesh",
    "phone": "+91 8756247001",
    "rating": 4.2,
    "distance": "0.7 km",
    "status": "Open Now",
    "image": "https://picsum.photos/id/48/200/300"
  },
  {
    "id": 49,
    "name": "Smart Hub",
    "category": "Pharmacy",
    "address": "160, Main Road, Surat, Gujarat",
    "phone": "+91 7196630812",
    "rating": 3.6,
    "distance": "10.0 km",
    "status": "Open Now",
    "image": "https://picsum.photos/id/49/200/300"
  },
  {
    "id": 50,
    "name": "Fresh Point",
    "category": "Pharmacy",
    "address": "46, Market Street, Coimbatore, Tamil Nadu",
    "phone": "+91 9114525118",
    "rating": 4.9,
    "distance": "3.1 km",
    "status": "Open Now",
    "image": "https://picsum.photos/id/50/200/300"
  },
  {
    "id": 51,
    "name": "Quick Hub",
    "category": "Food",
    "address": "132, Station Road, Bhopal, Madhya Pradesh",
    "phone": "+91 7360074322",
    "rating": 4.7,
    "distance": "5.8 km",
    "status": "Open Now",
    "image": "https://picsum.photos/id/51/200/300"
  },
  {
    "id": 52,
    "name": "Super Mart",
    "category": "Toy Shop",
    "address": "95, MG Road, Bhopal, Madhya Pradesh",
    "phone": "+91 7514512279",
    "rating": 4.7,
    "distance": "6.6 km",
    "status": "Open Now",
    "image": "https://picsum.photos/id/52/200/300"
  },
  {
    "id": 53,
    "name": "Urban Corner",
    "category": "Sweet Shop",
    "address": "32, Bazaar Road, Chandigarh, Punjab",
    "phone": "+91 7396089028",
    "rating": 3.9,
    "distance": "3.5 km",
    "status": "Closed",
    "image": "https://picsum.photos/id/53/200/300"
  },
  {
    "id": 54,
    "name": "Happy Market",
    "category": "Pharmacy",
    "address": "182, Station Road, Mumbai, Maharashtra",
    "phone": "+91 8520925166",
    "rating": 3.9,
    "distance": "6.6 km",
    "status": "Closed",
    "image": "https://picsum.photos/id/54/200/300"
  },
  {
    "id": 55,
    "name": "Prime Store",
    "category": "Grocery",
    "address": "155, Station Road, Mumbai, Maharashtra",
    "phone": "+91 9993958922",
    "rating": 3.8,
    "distance": "1.1 km",
    "status": "Closed",
    "image": "https://picsum.photos/id/55/200/300"
  },
  {
    "id": 56,
    "name": "Royal Bazaar",
    "category": "Electronics",
    "address": "104, Bazaar Road, Coimbatore, Tamil Nadu",
    "phone": "+91 7570774464",
    "rating": 4.5,
    "distance": "2.2 km",
    "status": "Closed",
    "image": "https://picsum.photos/id/56/200/300"
  },
  {
    "id": 57,
    "name": "Family Hub",
    "category": "Footwear",
    "address": "33, Market Street, Delhi, Delhi",
    "phone": "+91 8216983891",
    "rating": 4.1,
    "distance": "9.0 km",
    "status": "Closed",
    "image": "https://picsum.photos/id/57/200/300"
  },
  {
    "id": 58,
    "name": "Blue Center",
    "category": "Restaurant",
    "address": "147, Main Road, Jaipur, Rajasthan",
    "phone": "+91 9681315140",
    "rating": 4.1,
    "distance": "9.0 km",
    "status": "Closed",
    "image": "https://picsum.photos/id/58/200/300"
  },
  {
    "id": 59,
    "name": "Blue Market",
    "category": "Pharmacy",
    "address": "90, Market Street, Chennai, Tamil Nadu",
    "phone": "+91 7316934743",
    "rating": 3.6,
    "distance": "6.9 km",
    "status": "Open Now",
    "image": "https://picsum.photos/id/59/200/300"
  },
  {
    "id": 60,
    "name": "Classic Mart",
    "category": "Sweet Shop",
    "address": "44, MG Road, Lucknow, Uttar Pradesh",
    "phone": "+91 9666322237",
    "rating": 4.2,
    "distance": "3.7 km",
    "status": "Closed",
    "image": "https://picsum.photos/id/60/200/300"
  },
  {
    "id": 61,
    "name": "Blue Point",
    "category": "Toy Shop",
    "address": "66, Bazaar Road, Pune, Maharashtra",
    "phone": "+91 7472048925",
    "rating": 4.1,
    "distance": "5.3 km",
    "status": "Open Now",
    "image": "https://picsum.photos/id/61/200/300"
  },
  {
    "id": 62,
    "name": "Prime Market",
    "category": "Pharmacy",
    "address": "148, Station Road, Visakhapatnam, Andhra Pradesh",
    "phone": "+91 8662139488",
    "rating": 4.5,
    "distance": "3.9 km",
    "status": "Closed",
    "image": "https://picsum.photos/id/62/200/300"
  },
  {
    "id": 63,
    "name": "Green Corner",
    "category": "Phone Repair",
    "address": "69, Market Street, Mumbai, Maharashtra",
    "phone": "+91 9418165846",
    "rating": 4.7,
    "distance": "5.7 km",
    "status": "Open Now",
    "image": "https://picsum.photos/id/63/200/300"
  },
  {
    "id": 64,
    "name": "Golden Corner",
    "category": "Pharmacy",
    "address": "112, MG Road, Noida, Uttar Pradesh",
    "phone": "+91 9884490728",
    "rating": 4.2,
    "distance": "4.4 km",
    "status": "Closed",
    "image": "https://picsum.photos/id/64/200/300"
  },
  {
    "id": 65,
    "name": "Local Mart",
    "category": "Toy Shop",
    "address": "51, Market Street, Visakhapatnam, Andhra Pradesh",
    "phone": "+91 8764332901",
    "rating": 3.6,
    "distance": "4.1 km",
    "status": "Closed",
    "image": "https://picsum.photos/id/65/200/300"
  },
  {
    "id": 66,
    "name": "Blue Plaza",
    "category": "Restaurant",
    "address": "73, MG Road, Kolkata, West Bengal",
    "phone": "+91 7291937722",
    "rating": 3.7,
    "distance": "6.0 km",
    "status": "Closed",
    "image": "https://picsum.photos/id/66/200/300"
  },
  {
    "id": 67,
    "name": "Quick Point",
    "category": "Laundry",
    "address": "156, Main Road, Coimbatore, Tamil Nadu",
    "phone": "+91 9718962380",
    "rating": 4.8,
    "distance": "4.6 km",
    "status": "Open Now",
    "image": "https://picsum.photos/id/67/200/300"
  },
  {
    "id": 68,
    "name": "Metro Point",
    "category": "Grocery",
    "address": "116, Market Street, Surat, Gujarat",
    "phone": "+91 8510976930",
    "rating": 4.3,
    "distance": "6.2 km",
    "status": "Closed",
    "image": "https://picsum.photos/id/68/200/300"
  },
  {
    "id": 69,
    "name": "City Mart",
    "category": "Plumber",
    "address": "133, MG Road, Ahmedabad, Gujarat",
    "phone": "+91 7809879844",
    "rating": 4.7,
    "distance": "1.1 km",
    "status": "Closed",
    "image": "https://picsum.photos/id/69/200/300"
  },
  {
    "id": 70,
    "name": "Metro Market",
    "category": "Cafe",
    "address": "174, MG Road, Pune, Maharashtra",
    "phone": "+91 7952608128",
    "rating": 3.8,
    "distance": "2.3 km",
    "status": "Open Now",
    "image": "https://picsum.photos/id/70/200/300"
  },
  {
    "id": 71,
    "name": "Green Bazaar",
    "category": "Toy Shop",
    "address": "60, MG Road, Noida, Uttar Pradesh",
    "phone": "+91 7386170035",
    "rating": 3.7,
    "distance": "9.0 km",
    "status": "Closed",
    "image": "https://picsum.photos/id/71/200/300"
  },
  {
    "id": 72,
    "name": "Smart Store",
    "category": "Sports Shop",
    "address": "145, MG Road, Pune, Maharashtra",
    "phone": "+91 8398620097",
    "rating": 3.5,
    "distance": "5.0 km",
    "status": "Closed",
    "image": "https://picsum.photos/id/72/200/300"
  },
  {
    "id": 73,
    "name": "Elite Plaza",
    "category": "Grocery",
    "address": "56, Station Road, Visakhapatnam, Andhra Pradesh",
    "phone": "+91 8830743414",
    "rating": 3.7,
    "distance": "10.0 km",
    "status": "Open Now",
    "image": "https://picsum.photos/id/73/200/300"
  },
  {
    "id": 74,
    "name": "City Center",
    "category": "Toy Shop",
    "address": "10, MG Road, Nagpur, Maharashtra",
    "phone": "+91 9002783325",
    "rating": 4.2,
    "distance": "8.4 km",
    "status": "Closed",
    "image": "https://picsum.photos/id/74/200/300"
  },
  {
    "id": 75,
    "name": "Elite Market",
    "category": "Cafe",
    "address": "17, Market Street, Gurgaon, Haryana",
    "phone": "+91 8342540797",
    "rating": 3.9,
    "distance": "2.1 km",
    "status": "Closed",
    "image": "https://picsum.photos/id/75/200/300"
  },
  {
    "id": 76,
    "name": "Blue Corner",
    "category": "Food",
    "address": "50, Main Road, Ahmedabad, Gujarat",
    "phone": "+91 8131650859",
    "rating": 4.5,
    "distance": "1.9 km",
    "status": "Closed",
    "image": "https://picsum.photos/id/76/200/300"
  },
  {
    "id": 77,
    "name": "Daily Shop",
    "category": "Footwear",
    "address": "90, Main Road, Lucknow, Uttar Pradesh",
    "phone": "+91 8776481340",
    "rating": 4.8,
    "distance": "9.0 km",
    "status": "Closed",
    "image": "https://picsum.photos/id/77/200/300"
  },
  {
    "id": 78,
    "name": "Green Shop",
    "category": "Toy Shop",
    "address": "10, Main Road, Mumbai, Maharashtra",
    "phone": "+91 7486190954",
    "rating": 4.2,
    "distance": "8.3 km",
    "status": "Open Now",
    "image": "https://picsum.photos/id/78/200/300"
  },
  {
    "id": 79,
    "name": "Super Mart",
    "category": "Grocery",
    "address": "102, Station Road, Ahmedabad, Gujarat",
    "phone": "+91 8679716800",
    "rating": 4.5,
    "distance": "6.1 km",
    "status": "Open Now",
    "image": "https://picsum.photos/id/79/200/300"
  },
  {
    "id": 80,
    "name": "Local Hub",
    "category": "Clothing",
    "address": "197, Market Street, Kolkata, West Bengal",
    "phone": "+91 9303865113",
    "rating": 3.8,
    "distance": "6.7 km",
    "status": "Open Now",
    "image": "https://picsum.photos/id/80/200/300"
  },
  {
    "id": 81,
    "name": "Classic Bazaar",
    "category": "Salon",
    "address": "26, Main Road, Chandigarh, Punjab",
    "phone": "+91 7635691251",
    "rating": 3.7,
    "distance": "8.8 km",
    "status": "Open Now",
    "image": "https://picsum.photos/id/81/200/300"
  },
  {
    "id": 82,
    "name": "Metro Store",
    "category": "Cafe",
    "address": "96, Station Road, Kolkata, West Bengal",
    "phone": "+91 8480735494",
    "rating": 4.7,
    "distance": "2.7 km",
    "status": "Open Now",
    "image": "https://picsum.photos/id/82/200/300"
  },
  {
    "id": 83,
    "name": "Metro Bazaar",
    "category": "Pharmacy",
    "address": "176, Bazaar Road, Noida, Uttar Pradesh",
    "phone": "+91 7554497893",
    "rating": 3.7,
    "distance": "1.5 km",
    "status": "Closed",
    "image": "https://picsum.photos/id/83/200/300"
  },
  {
    "id": 84,
    "name": "Elite Point",
    "category": "Footwear",
    "address": "123, Bazaar Road, Coimbatore, Tamil Nadu",
    "phone": "+91 8269460079",
    "rating": 3.8,
    "distance": "3.9 km",
    "status": "Closed",
    "image": "https://picsum.photos/id/84/200/300"
  },
  {
    "id": 85,
    "name": "Fresh Hub",
    "category": "Electronics",
    "address": "182, MG Road, Surat, Gujarat",
    "phone": "+91 9491363106",
    "rating": 4.1,
    "distance": "5.5 km",
    "status": "Open Now",
    "image": "https://picsum.photos/id/85/200/300"
  },
  {
    "id": 86,
    "name": "Golden Market",
    "category": "Bakery",
    "address": "50, Market Street, Hyderabad, Telangana",
    "phone": "+91 7877545198",
    "rating": 3.5,
    "distance": "4.8 km",
    "status": "Closed",
    "image": "https://picsum.photos/id/86/200/300"
  },
  {
    "id": 87,
    "name": "Royal Bazaar",
    "category": "Bakery",
    "address": "88, Main Road, Visakhapatnam, Andhra Pradesh",
    "phone": "+91 9214763546",
    "rating": 4.2,
    "distance": "2.6 km",
    "status": "Open Now",
    "image": "https://picsum.photos/id/87/200/300"
  },
  {
    "id": 88,
    "name": "Green Store",
    "category": "Pharmacy",
    "address": "108, Bazaar Road, Mumbai, Maharashtra",
    "phone": "+91 8233497692",
    "rating": 3.6,
    "distance": "2.7 km",
    "status": "Open Now",
    "image": "https://picsum.photos/id/88/200/300"
  },
  {
    "id": 89,
    "name": "Quick Plaza",
    "category": "Toy Shop",
    "address": "199, Market Street, Delhi, Delhi",
    "phone": "+91 8301747074",
    "rating": 4.9,
    "distance": "9.7 km",
    "status": "Closed",
    "image": "https://picsum.photos/id/89/200/300"
  },
  {
    "id": 90,
    "name": "Happy Mart",
    "category": "Electronics",
    "address": "16, MG Road, Mumbai, Maharashtra",
    "phone": "+91 9438194330",
    "rating": 4.9,
    "distance": "10.0 km",
    "status": "Open Now",
    "image": "https://picsum.photos/id/90/200/300"
  },
  {
    "id": 91,
    "name": "Local Plaza",
    "category": "Bakery",
    "address": "20, Station Road, Pune, Maharashtra",
    "phone": "+91 8562132729",
    "rating": 4.4,
    "distance": "8.0 km",
    "status": "Open Now",
    "image": "https://picsum.photos/id/91/200/300"
  },
  {
    "id": 92,
    "name": "Golden Point",
    "category": "Cafe",
    "address": "141, Main Road, Jaipur, Rajasthan",
    "phone": "+91 8801066853",
    "rating": 4.5,
    "distance": "3.9 km",
    "status": "Open Now",
    "image": "https://picsum.photos/id/92/200/300"
  },
  {
    "id": 93,
    "name": "Local Store",
    "category": "Bakery",
    "address": "101, Main Road, Indore, Madhya Pradesh",
    "phone": "+91 7204487532",
    "rating": 4.5,
    "distance": "2.4 km",
    "status": "Open Now",
    "image": "https://picsum.photos/id/93/200/300"
  },
  {
    "id": 94,
    "name": "Family Plaza",
    "category": "Grocery",
    "address": "54, Market Street, Bangalore, Karnataka",
    "phone": "+91 9475504389",
    "rating": 4.2,
    "distance": "2.7 km",
    "status": "Open Now",
    "image": "https://picsum.photos/id/94/200/300"
  },
  {
    "id": 95,
    "name": "Pure Corner",
    "category": "Sweet Shop",
    "address": "57, Market Street, Indore, Madhya Pradesh",
    "phone": "+91 8186183003",
    "rating": 3.8,
    "distance": "2.6 km",
    "status": "Closed",
    "image": "https://picsum.photos/id/95/200/300"
  },
  {
    "id": 96,
    "name": "Golden Mart",
    "category": "Phone Repair",
    "address": "116, Market Street, Bhopal, Madhya Pradesh",
    "phone": "+91 9763277038",
    "rating": 3.6,
    "distance": "9.8 km",
    "status": "Closed",
    "image": "https://picsum.photos/id/96/200/300"
  },
  {
    "id": 97,
    "name": "Smart Store",
    "category": "Hardware",
    "address": "177, Bazaar Road, Delhi, Delhi",
    "phone": "+91 8255085866",
    "rating": 4.7,
    "distance": "6.9 km",
    "status": "Closed",
    "image": "https://picsum.photos/id/97/200/300"
  },
  {
    "id": 98,
    "name": "Golden Bazaar",
    "category": "Plumber",
    "address": "21, MG Road, Hyderabad, Telangana",
    "phone": "+91 9590530019",
    "rating": 4.6,
    "distance": "6.2 km",
    "status": "Open Now",
    "image": "https://picsum.photos/id/98/200/300"
  },
  {
    "id": 99,
    "name": "Prime Store",
    "category": "Laundry",
    "address": "87, Market Street, Bhopal, Madhya Pradesh",
    "phone": "+91 8799714116",
    "rating": 4.0,
    "distance": "1.8 km",
    "status": "Closed",
    "image": "https://picsum.photos/id/99/200/300"
  },
  {
    "id": 100,
    "name": "Royal Mart",
    "category": "Sweet Shop",
    "address": "148, Station Road, Pune, Maharashtra",
    "phone": "+91 9225417048",
    "rating": 4.3,
    "distance": "6.7 km",
    "status": "Open Now",
    "image": "https://picsum.photos/id/100/200/300"
  },
  {
    "id": 101,
    "name": "Prime Plaza",
    "category": "Sports Shop",
    "address": "44, Market Street, Surat, Gujarat",
    "phone": "+91 9536680997",
    "rating": 4.8,
    "distance": "5.8 km",
    "status": "Open Now",
    "image": "https://picsum.photos/id/101/200/300"
  },
  {
    "id": 102,
    "name": "Blue Shop",
    "category": "Sweet Shop",
    "address": "188, Market Street, Coimbatore, Tamil Nadu",
    "phone": "+91 8477242778",
    "rating": 3.5,
    "distance": "8.8 km",
    "status": "Closed",
    "image": "https://picsum.photos/id/102/200/300"
  },
  {
    "id": 103,
    "name": "City Hub",
    "category": "Grocery",
    "address": "155, Bazaar Road, Visakhapatnam, Andhra Pradesh",
    "phone": "+91 7543249579",
    "rating": 3.6,
    "distance": "4.9 km",
    "status": "Open Now",
    "image": "https://picsum.photos/id/103/200/300"
  },
  {
    "id": 104,
    "name": "Fresh Shop",
    "category": "Bakery",
    "address": "152, Bazaar Road, Bangalore, Karnataka",
    "phone": "+91 8048368539",
    "rating": 3.9,
    "distance": "9.4 km",
    "status": "Open Now",
    "image": "https://picsum.photos/id/104/200/300"
  },
  {
    "id": 105,
    "name": "Quick Plaza",
    "category": "Pharmacy",
    "address": "186, Market Street, Ahmedabad, Gujarat",
    "phone": "+91 9126769588",
    "rating": 4.2,
    "distance": "6.9 km",
    "status": "Open Now",
    "image": "https://picsum.photos/id/105/200/300"
  },
  {
    "id": 106,
    "name": "Family Corner",
    "category": "Grocery",
    "address": "60, Market Street, Nagpur, Maharashtra",
    "phone": "+91 8902944004",
    "rating": 3.7,
    "distance": "7.3 km",
    "status": "Closed",
    "image": "https://picsum.photos/id/106/200/300"
  },
  {
    "id": 107,
    "name": "Classic Store",
    "category": "Pet Store",
    "address": "12, Main Road, Mumbai, Maharashtra",
    "phone": "+91 7306816685",
    "rating": 3.7,
    "distance": "3.2 km",
    "status": "Closed",
    "image": "https://picsum.photos/id/107/200/300"
  },
  {
    "id": 108,
    "name": "Classic Hub",
    "category": "Carpenter",
    "address": "155, Main Road, Jaipur, Rajasthan",
    "phone": "+91 7513327567",
    "rating": 4.6,
    "distance": "0.7 km",
    "status": "Open Now",
    "image": "https://picsum.photos/id/108/200/300"
  },
  {
    "id": 109,
    "name": "Family Hub",
    "category": "Phone Repair",
    "address": "111, Market Street, Bangalore, Karnataka",
    "phone": "+91 8898786655",
    "rating": 4.3,
    "distance": "10.0 km",
    "status": "Open Now",
    "image": "https://picsum.photos/id/109/200/300"
  },
  {
    "id": 110,
    "name": "Classic Shop",
    "category": "Pharmacy",
    "address": "137, Main Road, Kolkata, West Bengal",
    "phone": "+91 9697239252",
    "rating": 4.9,
    "distance": "2.9 km",
    "status": "Closed",
    "image": "https://picsum.photos/id/110/200/300"
  },
  {
    "id": 111,
    "name": "Metro Corner",
    "category": "Sports Shop",
    "address": "131, MG Road, Noida, Uttar Pradesh",
    "phone": "+91 9041627095",
    "rating": 4.7,
    "distance": "9.3 km",
    "status": "Closed",
    "image": "https://picsum.photos/id/111/200/300"
  },
  {
    "id": 112,
    "name": "Fresh Market",
    "category": "Sports Shop",
    "address": "93, Main Road, Nagpur, Maharashtra",
    "phone": "+91 8119731544",
    "rating": 4.5,
    "distance": "3.9 km",
    "status": "Closed",
    "image": "https://picsum.photos/id/112/200/300"
  },
  {
    "id": 113,
    "name": "Elite Market",
    "category": "Footwear",
    "address": "65, MG Road, Ahmedabad, Gujarat",
    "phone": "+91 9916138750",
    "rating": 3.9,
    "distance": "1.9 km",
    "status": "Closed",
    "image": "https://picsum.photos/id/113/200/300"
  },
  {
    "id": 114,
    "name": "Happy Hub",
    "category": "Phone Repair",
    "address": "64, Market Street, Kolkata, West Bengal",
    "phone": "+91 9416204316",
    "rating": 4.6,
    "distance": "8.4 km",
    "status": "Open Now",
    "image": "https://picsum.photos/id/114/200/300"
  },
  {
    "id": 115,
    "name": "Happy Center",
    "category": "Hardware",
    "address": "178, MG Road, Chandigarh, Punjab",
    "phone": "+91 7144324220",
    "rating": 3.7,
    "distance": "3.7 km",
    "status": "Closed",
    "image": "https://picsum.photos/id/115/200/300"
  },
  {
    "id": 116,
    "name": "Pure Corner",
    "category": "Sweet Shop",
    "address": "99, Bazaar Road, Bangalore, Karnataka",
    "phone": "+91 9376780513",
    "rating": 3.9,
    "distance": "3.4 km",
    "status": "Closed",
    "image": "https://picsum.photos/id/116/200/300"
  },
  {
    "id": 117,
    "name": "Pure Bazaar",
    "category": "Clothing",
    "address": "165, MG Road, Bangalore, Karnataka",
    "phone": "+91 7259014242",
    "rating": 4.1,
    "distance": "5.4 km",
    "status": "Open Now",
    "image": "https://picsum.photos/id/117/200/300"
  },
  {
    "id": 118,
    "name": "Urban Point",
    "category": "Laundry",
    "address": "179, Market Street, Bangalore, Karnataka",
    "phone": "+91 8672488301",
    "rating": 3.7,
    "distance": "1.1 km",
    "status": "Open Now",
    "image": "https://picsum.photos/id/118/200/300"
  },
  {
    "id": 119,
    "name": "Happy Store",
    "category": "Electronics",
    "address": "120, Market Street, Surat, Gujarat",
    "phone": "+91 7097333551",
    "rating": 4.3,
    "distance": "8.6 km",
    "status": "Open Now",
    "image": "https://picsum.photos/id/119/200/300"
  },
  {
    "id": 120,
    "name": "Smart Market",
    "category": "Sports Shop",
    "address": "26, Bazaar Road, Hyderabad, Telangana",
    "phone": "+91 9067973897",
    "rating": 3.8,
    "distance": "5.9 km",
    "status": "Closed",
    "image": "https://picsum.photos/id/120/200/300"
  },
  {
    "id": 121,
    "name": "Urban Mart",
    "category": "Laundry",
    "address": "91, Station Road, Surat, Gujarat",
    "phone": "+91 9951944311",
    "rating": 4.3,
    "distance": "6.9 km",
    "status": "Open Now",
    "image": "https://picsum.photos/id/121/200/300"
  },
  {
    "id": 122,
    "name": "Metro Bazaar",
    "category": "Stationery",
    "address": "93, Bazaar Road, Chennai, Tamil Nadu",
    "phone": "+91 7305294073",
    "rating": 5.0,
    "distance": "6.2 km",
    "status": "Closed",
    "image": "https://picsum.photos/id/122/200/300"
  },
  {
    "id": 123,
    "name": "Blue Plaza",
    "category": "Electronics",
    "address": "73, MG Road, Ahmedabad, Gujarat",
    "phone": "+91 7721842475",
    "rating": 4.9,
    "distance": "2.0 km",
    "status": "Closed",
    "image": "https://picsum.photos/id/123/200/300"
  },
  {
    "id": 124,
    "name": "Happy Shop",
    "category": "Laundry",
    "address": "97, Bazaar Road, Chennai, Tamil Nadu",
    "phone": "+91 7390299302",
    "rating": 3.6,
    "distance": "4.6 km",
    "status": "Open Now",
    "image": "https://picsum.photos/id/124/200/300"
  },
  {
    "id": 125,
    "name": "Super Mart",
    "category": "Toy Shop",
    "address": "110, MG Road, Pune, Maharashtra",
    "phone": "+91 8200759549",
    "rating": 4.8,
    "distance": "5.4 km",
    "status": "Closed",
    "image": "https://picsum.photos/id/125/200/300"
  },
  {
    "id": 126,
    "name": "Royal Mart",
    "category": "Plumber",
    "address": "18, Market Street, Coimbatore, Tamil Nadu",
    "phone": "+91 7441411295",
    "rating": 4.6,
    "distance": "0.5 km",
    "status": "Closed",
    "image": "https://picsum.photos/id/126/200/300"
  },
  {
    "id": 127,
    "name": "Daily Shop",
    "category": "Electronics",
    "address": "49, Bazaar Road, Pune, Maharashtra",
    "phone": "+91 9570531621",
    "rating": 4.9,
    "distance": "6.1 km",
    "status": "Open Now",
    "image": "https://picsum.photos/id/127/200/300"
  },
  {
    "id": 128,
    "name": "Fresh Mart",
    "category": "Cafe",
    "address": "198, MG Road, Patna, Bihar",
    "phone": "+91 7211690041",
    "rating": 5.0,
    "distance": "8.8 km",
    "status": "Open Now",
    "image": "https://picsum.photos/id/128/200/300"
  },
  {
    "id": 129,
    "name": "Fresh Bazaar",
    "category": "Stationery",
    "address": "182, Main Road, Chandigarh, Punjab",
    "phone": "+91 8619720011",
    "rating": 3.9,
    "distance": "5.5 km",
    "status": "Open Now",
    "image": "https://picsum.photos/id/129/200/300"
  },
  {
    "id": 130,
    "name": "Happy Store",
    "category": "Bakery",
    "address": "164, Market Street, Kolkata, West Bengal",
    "phone": "+91 9722060825",
    "rating": 3.8,
    "distance": "9.0 km",
    "status": "Closed",
    "image": "https://picsum.photos/id/130/200/300"
  },
  {
    "id": 131,
    "name": "Metro Point",
    "category": "Hardware",
    "address": "11, Main Road, Bhopal, Madhya Pradesh",
    "phone": "+91 7278984187",
    "rating": 4.5,
    "distance": "4.8 km",
    "status": "Closed",
    "image": "https://picsum.photos/id/131/200/300"
  },
  {
    "id": 132,
    "name": "Green Center",
    "category": "Footwear",
    "address": "30, MG Road, Patna, Bihar",
    "phone": "+91 8910982136",
    "rating": 4.7,
    "distance": "6.5 km",
    "status": "Closed",
    "image": "https://picsum.photos/id/132/200/300"
  },
  {
    "id": 133,
    "name": "Elite Hub",
    "category": "Hardware",
    "address": "118, Bazaar Road, Chandigarh, Punjab",
    "phone": "+91 9170213992",
    "rating": 4.3,
    "distance": "7.6 km",
    "status": "Open Now",
    "image": "https://picsum.photos/id/133/200/300"
  },
  {
    "id": 134,
    "name": "Metro Market",
    "category": "Electronics",
    "address": "45, Station Road, Lucknow, Uttar Pradesh",
    "phone": "+91 7941790565",
    "rating": 4.8,
    "distance": "0.7 km",
    "status": "Closed",
    "image": "https://picsum.photos/id/134/200/300"
  },
  {
    "id": 135,
    "name": "Urban Store",
    "category": "Hardware",
    "address": "84, Station Road, Bangalore, Karnataka",
    "phone": "+91 7481796175",
    "rating": 4.0,
    "distance": "1.2 km",
    "status": "Closed",
    "image": "https://picsum.photos/id/135/200/300"
  },
  {
    "id": 136,
    "name": "Modern Hub",
    "category": "Plumber",
    "address": "28, Market Street, Hyderabad, Telangana",
    "phone": "+91 7015128370",
    "rating": 3.6,
    "distance": "8.1 km",
    "status": "Open Now",
    "image": "https://picsum.photos/id/136/200/300"
  },
  {
    "id": 137,
    "name": "Elite Mart",
    "category": "Laundry",
    "address": "158, MG Road, Lucknow, Uttar Pradesh",
    "phone": "+91 7499220500",
    "rating": 4.2,
    "distance": "3.1 km",
    "status": "Open Now",
    "image": "https://picsum.photos/id/137/200/300"
  },
  {
    "id": 138,
    "name": "Classic Bazaar",
    "category": "Food",
    "address": "166, Bazaar Road, Delhi, Delhi",
    "phone": "+91 8059701011",
    "rating": 4.9,
    "distance": "2.3 km",
    "status": "Closed",
    "image": "https://picsum.photos/id/138/200/300"
  },
  {
    "id": 139,
    "name": "Golden Market",
    "category": "Electronics",
    "address": "29, MG Road, Patna, Bihar",
    "phone": "+91 7741982320",
    "rating": 4.5,
    "distance": "3.1 km",
    "status": "Open Now",
    "image": "https://picsum.photos/id/139/200/300"
  },
  {
    "id": 140,
    "name": "Family Bazaar",
    "category": "Phone Repair",
    "address": "65, Main Road, Mumbai, Maharashtra",
    "phone": "+91 8812776958",
    "rating": 4.8,
    "distance": "4.6 km",
    "status": "Closed",
    "image": "https://picsum.photos/id/140/200/300"
  },
  {
    "id": 141,
    "name": "Elite Market",
    "category": "Electronics",
    "address": "68, Market Street, Patna, Bihar",
    "phone": "+91 9133130938",
    "rating": 4.3,
    "distance": "6.9 km",
    "status": "Closed",
    "image": "https://picsum.photos/id/141/200/300"
  },
  {
    "id": 142,
    "name": "Pure Center",
    "category": "Laundry",
    "address": "157, Bazaar Road, Chandigarh, Punjab",
    "phone": "+91 9161370467",
    "rating": 4.2,
    "distance": "7.0 km",
    "status": "Closed",
    "image": "https://picsum.photos/id/142/200/300"
  },
  {
    "id": 143,
    "name": "Royal Corner",
    "category": "Pet Store",
    "address": "80, Main Road, Coimbatore, Tamil Nadu",
    "phone": "+91 9641508214",
    "rating": 4.4,
    "distance": "2.0 km",
    "status": "Closed",
    "image": "https://picsum.photos/id/143/200/300"
  },
  {
    "id": 144,
    "name": "Modern Plaza",
    "category": "Phone Repair",
    "address": "83, Main Road, Kolkata, West Bengal",
    "phone": "+91 9925301027",
    "rating": 4.2,
    "distance": "2.4 km",
    "status": "Closed",
    "image": "https://picsum.photos/id/144/200/300"
  },
  {
    "id": 145,
    "name": "Quick Center",
    "category": "Salon",
    "address": "118, Bazaar Road, Jaipur, Rajasthan",
    "phone": "+91 8514744173",
    "rating": 3.9,
    "distance": "1.2 km",
    "status": "Open Now",
    "image": "https://picsum.photos/id/145/200/300"
  },
  {
    "id": 146,
    "name": "Family Shop",
    "category": "Laundry",
    "address": "117, Bazaar Road, Nagpur, Maharashtra",
    "phone": "+91 8658813843",
    "rating": 4.2,
    "distance": "5.8 km",
    "status": "Closed",
    "image": "https://picsum.photos/id/146/200/300"
  },
  {
    "id": 147,
    "name": "Quick Store",
    "category": "Clothing",
    "address": "143, Main Road, Surat, Gujarat",
    "phone": "+91 9953318785",
    "rating": 4.6,
    "distance": "5.7 km",
    "status": "Open Now",
    "image": "https://picsum.photos/id/147/200/300"
  },
  {
    "id": 148,
    "name": "Super Store",
    "category": "Bakery",
    "address": "191, Main Road, Chandigarh, Punjab",
    "phone": "+91 7069117348",
    "rating": 4.1,
    "distance": "3.1 km",
    "status": "Open Now",
    "image": "https://picsum.photos/id/148/200/300"
  },
  {
    "id": 149,
    "name": "Family Plaza",
    "category": "Salon",
    "address": "177, MG Road, Delhi, Delhi",
    "phone": "+91 9009895033",
    "rating": 4.8,
    "distance": "3.7 km",
    "status": "Open Now",
    "image": "https://picsum.photos/id/149/200/300"
  },
  {
    "id": 150,
    "name": "Family Store",
    "category": "Clothing",
    "address": "32, Station Road, Nagpur, Maharashtra",
    "phone": "+91 7679394738",
    "rating": 3.9,
    "distance": "1.0 km",
    "status": "Open Now",
    "image": "https://picsum.photos/id/150/200/300"
  },
  {
    "id": 151,
    "name": "Metro Corner",
    "category": "Sweet Shop",
    "address": "170, MG Road, Indore, Madhya Pradesh",
    "phone": "+91 7716634743",
    "rating": 4.8,
    "distance": "0.8 km",
    "status": "Closed",
    "image": "https://picsum.photos/id/151/200/300"
  },
  {
    "id": 152,
    "name": "Pure Plaza",
    "category": "Laundry",
    "address": "131, Station Road, Noida, Uttar Pradesh",
    "phone": "+91 9145390368",
    "rating": 3.7,
    "distance": "9.5 km",
    "status": "Closed",
    "image": "https://picsum.photos/id/152/200/300"
  },
  {
    "id": 153,
    "name": "Super Market",
    "category": "Salon",
    "address": "190, Bazaar Road, Indore, Madhya Pradesh",
    "phone": "+91 7029722410",
    "rating": 3.8,
    "distance": "3.0 km",
    "status": "Open Now",
    "image": "https://picsum.photos/id/153/200/300"
  },
  {
    "id": 154,
    "name": "Classic Center",
    "category": "Footwear",
    "address": "161, Station Road, Coimbatore, Tamil Nadu",
    "phone": "+91 9160428188",
    "rating": 3.9,
    "distance": "1.9 km",
    "status": "Closed",
    "image": "https://picsum.photos/id/154/200/300"
  },
  {
    "id": 155,
    "name": "Metro Plaza",
    "category": "Pharmacy",
    "address": "181, Market Street, Bhopal, Madhya Pradesh",
    "phone": "+91 7812194082",
    "rating": 4.6,
    "distance": "1.6 km",
    "status": "Open Now",
    "image": "https://picsum.photos/id/155/200/300"
  },
  {
    "id": 156,
    "name": "Prime Corner",
    "category": "Sports Shop",
    "address": "11, Station Road, Chennai, Tamil Nadu",
    "phone": "+91 7957765276",
    "rating": 4.7,
    "distance": "4.2 km",
    "status": "Closed",
    "image": "https://picsum.photos/id/156/200/300"
  },
  {
    "id": 157,
    "name": "Metro Hub",
    "category": "Food",
    "address": "14, Market Street, Visakhapatnam, Andhra Pradesh",
    "phone": "+91 9011034837",
    "rating": 4.6,
    "distance": "3.5 km",
    "status": "Open Now",
    "image": "https://picsum.photos/id/157/200/300"
  },
  {
    "id": 158,
    "name": "Golden Hub",
    "category": "Salon",
    "address": "98, Market Street, Chennai, Tamil Nadu",
    "phone": "+91 9112846959",
    "rating": 4.9,
    "distance": "7.2 km",
    "status": "Closed",
    "image": "https://picsum.photos/id/158/200/300"
  },
  {
    "id": 159,
    "name": "City Store",
    "category": "Electronics",
    "address": "89, Main Road, Chennai, Tamil Nadu",
    "phone": "+91 7554448861",
    "rating": 4.3,
    "distance": "7.3 km",
    "status": "Open Now",
    "image": "https://picsum.photos/id/159/200/300"
  },
  {
    "id": 160,
    "name": "Prime Point",
    "category": "Laundry",
    "address": "31, Main Road, Bhopal, Madhya Pradesh",
    "phone": "+91 9430472759",
    "rating": 4.2,
    "distance": "3.6 km",
    "status": "Closed",
    "image": "https://picsum.photos/id/160/200/300"
  },
  {
    "id": 161,
    "name": "Pure Point",
    "category": "Toy Shop",
    "address": "41, MG Road, Ahmedabad, Gujarat",
    "phone": "+91 8181916366",
    "rating": 3.8,
    "distance": "9.0 km",
    "status": "Closed",
    "image": "https://picsum.photos/id/161/200/300"
  },
  {
    "id": 162,
    "name": "Daily Mart",
    "category": "Phone Repair",
    "address": "89, Bazaar Road, Pune, Maharashtra",
    "phone": "+91 8747971347",
    "rating": 3.6,
    "distance": "1.5 km",
    "status": "Open Now",
    "image": "https://picsum.photos/id/162/200/300"
  },
  {
    "id": 163,
    "name": "Fresh Mart",
    "category": "Pet Store",
    "address": "20, MG Road, Kolkata, West Bengal",
    "phone": "+91 7240477939",
    "rating": 3.7,
    "distance": "2.4 km",
    "status": "Closed",
    "image": "https://picsum.photos/id/163/200/300"
  },
  {
    "id": 164,
    "name": "Smart Corner",
    "category": "Pharmacy",
    "address": "51, Main Road, Ahmedabad, Gujarat",
    "phone": "+91 8980238163",
    "rating": 4.2,
    "distance": "7.9 km",
    "status": "Closed",
    "image": "https://picsum.photos/id/164/200/300"
  },
  {
    "id": 165,
    "name": "Quick Shop",
    "category": "Laundry",
    "address": "19, Bazaar Road, Coimbatore, Tamil Nadu",
    "phone": "+91 9426598180",
    "rating": 4.6,
    "distance": "9.9 km",
    "status": "Open Now",
    "image": "https://picsum.photos/id/165/200/300"
  },
  {
    "id": 166,
    "name": "Quick Store",
    "category": "Sports Shop",
    "address": "23, MG Road, Noida, Uttar Pradesh",
    "phone": "+91 9495089605",
    "rating": 4.2,
    "distance": "4.2 km",
    "status": "Open Now",
    "image": "https://picsum.photos/id/166/200/300"
  },
  {
    "id": 167,
    "name": "Metro Hub",
    "category": "Restaurant",
    "address": "130, Station Road, Nagpur, Maharashtra",
    "phone": "+91 8830244884",
    "rating": 4.5,
    "distance": "5.9 km",
    "status": "Closed",
    "image": "https://picsum.photos/id/167/200/300"
  },
  {
    "id": 168,
    "name": "Happy Bazaar",
    "category": "Sweet Shop",
    "address": "78, Market Street, Coimbatore, Tamil Nadu",
    "phone": "+91 9120056325",
    "rating": 3.6,
    "distance": "10.0 km",
    "status": "Open Now",
    "image": "https://picsum.photos/id/168/200/300"
  },
  {
    "id": 169,
    "name": "Urban Plaza",
    "category": "Salon",
    "address": "84, Bazaar Road, Coimbatore, Tamil Nadu",
    "phone": "+91 8786971156",
    "rating": 3.7,
    "distance": "5.9 km",
    "status": "Open Now",
    "image": "https://picsum.photos/id/169/200/300"
  },
  {
    "id": 170,
    "name": "Happy Center",
    "category": "Plumber",
    "address": "23, Bazaar Road, Delhi, Delhi",
    "phone": "+91 9451859462",
    "rating": 3.6,
    "distance": "6.5 km",
    "status": "Closed",
    "image": "https://picsum.photos/id/170/200/300"
  },
  {
    "id": 171,
    "name": "Quick Market",
    "category": "Plumber",
    "address": "163, Bazaar Road, Pune, Maharashtra",
    "phone": "+91 9285619853",
    "rating": 3.8,
    "distance": "2.7 km",
    "status": "Open Now",
    "image": "https://picsum.photos/id/171/200/300"
  },
  {
    "id": 172,
    "name": "Green Market",
    "category": "Salon",
    "address": "20, Station Road, Patna, Bihar",
    "phone": "+91 8384400655",
    "rating": 3.9,
    "distance": "8.0 km",
    "status": "Open Now",
    "image": "https://picsum.photos/id/172/200/300"
  },
  {
    "id": 173,
    "name": "Happy Shop",
    "category": "Pet Store",
    "address": "103, MG Road, Delhi, Delhi",
    "phone": "+91 7822485487",
    "rating": 4.6,
    "distance": "6.7 km",
    "status": "Closed",
    "image": "https://picsum.photos/id/173/200/300"
  },
  {
    "id": 174,
    "name": "Elite Center",
    "category": "Restaurant",
    "address": "73, MG Road, Surat, Gujarat",
    "phone": "+91 8482347751",
    "rating": 4.5,
    "distance": "8.3 km",
    "status": "Open Now",
    "image": "https://picsum.photos/id/174/200/300"
  },
  {
    "id": 175,
    "name": "Green Market",
    "category": "Grocery",
    "address": "155, Bazaar Road, Bhopal, Madhya Pradesh",
    "phone": "+91 7695168959",
    "rating": 4.8,
    "distance": "2.0 km",
    "status": "Closed",
    "image": "https://picsum.photos/id/175/200/300"
  },
  {
    "id": 176,
    "name": "Prime Plaza",
    "category": "Clothing",
    "address": "77, Station Road, Lucknow, Uttar Pradesh",
    "phone": "+91 7319152651",
    "rating": 5.0,
    "distance": "8.5 km",
    "status": "Open Now",
    "image": "https://picsum.photos/id/176/200/300"
  },
  {
    "id": 177,
    "name": "Golden Hub",
    "category": "Cafe",
    "address": "152, Station Road, Jaipur, Rajasthan",
    "phone": "+91 8205850337",
    "rating": 4.8,
    "distance": "8.3 km",
    "status": "Open Now",
    "image": "https://picsum.photos/id/177/200/300"
  },
  {
    "id": 178,
    "name": "Quick Market",
    "category": "Sports Shop",
    "address": "185, Bazaar Road, Lucknow, Uttar Pradesh",
    "phone": "+91 9754740840",
    "rating": 5.0,
    "distance": "3.5 km",
    "status": "Closed",
    "image": "https://picsum.photos/id/178/200/300"
  },
  {
    "id": 179,
    "name": "Fresh Corner",
    "category": "Footwear",
    "address": "97, Main Road, Nagpur, Maharashtra",
    "phone": "+91 9533314419",
    "rating": 4.7,
    "distance": "5.8 km",
    "status": "Open Now",
    "image": "https://picsum.photos/id/179/200/300"
  },
  {
    "id": 180,
    "name": "City Point",
    "category": "Cafe",
    "address": "115, Bazaar Road, Chennai, Tamil Nadu",
    "phone": "+91 9124963636",
    "rating": 3.8,
    "distance": "8.0 km",
    "status": "Closed",
    "image": "https://picsum.photos/id/180/200/300"
  },
  {
    "id": 181,
    "name": "Super Store",
    "category": "Salon",
    "address": "90, Station Road, Mumbai, Maharashtra",
    "phone": "+91 7873193075",
    "rating": 3.5,
    "distance": "8.2 km",
    "status": "Open Now",
    "image": "https://picsum.photos/id/181/200/300"
  },
  {
    "id": 182,
    "name": "City Hub",
    "category": "Salon",
    "address": "181, Market Street, Patna, Bihar",
    "phone": "+91 8781133873",
    "rating": 4.4,
    "distance": "2.3 km",
    "status": "Closed",
    "image": "https://picsum.photos/id/182/200/300"
  },
  {
    "id": 183,
    "name": "Golden Center",
    "category": "Footwear",
    "address": "161, Bazaar Road, Kolkata, West Bengal",
    "phone": "+91 7815102382",
    "rating": 4.7,
    "distance": "2.8 km",
    "status": "Closed",
    "image": "https://picsum.photos/id/183/200/300"
  },
  {
    "id": 184,
    "name": "Quick Market",
    "category": "Grocery",
    "address": "174, Bazaar Road, Bhopal, Madhya Pradesh",
    "phone": "+91 9793722384",
    "rating": 4.1,
    "distance": "7.7 km",
    "status": "Closed",
    "image": "https://picsum.photos/id/184/200/300"
  },
  {
    "id": 185,
    "name": "City Point",
    "category": "Hardware",
    "address": "73, Market Street, Patna, Bihar",
    "phone": "+91 8967761789",
    "rating": 4.3,
    "distance": "1.6 km",
    "status": "Closed",
    "image": "https://picsum.photos/id/185/200/300"
  },
  {
    "id": 186,
    "name": "Green Shop",
    "category": "Electronics",
    "address": "97, Main Road, Bhopal, Madhya Pradesh",
    "phone": "+91 8192483490",
    "rating": 4.2,
    "distance": "1.7 km",
    "status": "Closed",
    "image": "https://picsum.photos/id/186/200/300"
  },
  {
    "id": 187,
    "name": "Royal Market",
    "category": "Bakery",
    "address": "65, Market Street, Nagpur, Maharashtra",
    "phone": "+91 7962462958",
    "rating": 4.8,
    "distance": "4.4 km",
    "status": "Closed",
    "image": "https://picsum.photos/id/187/200/300"
  },
  {
    "id": 188,
    "name": "Quick Corner",
    "category": "Restaurant",
    "address": "182, Main Road, Bangalore, Karnataka",
    "phone": "+91 9986119095",
    "rating": 4.1,
    "distance": "5.4 km",
    "status": "Open Now",
    "image": "https://picsum.photos/id/188/200/300"
  },
  {
    "id": 189,
    "name": "Elite Market",
    "category": "Cafe",
    "address": "35, Station Road, Ahmedabad, Gujarat",
    "phone": "+91 7718249660",
    "rating": 4.4,
    "distance": "2.9 km",
    "status": "Open Now",
    "image": "https://picsum.photos/id/189/200/300"
  },
  {
    "id": 190,
    "name": "Daily Bazaar",
    "category": "Pet Store",
    "address": "81, Station Road, Ahmedabad, Gujarat",
    "phone": "+91 7617190689",
    "rating": 4.8,
    "distance": "5.3 km",
    "status": "Open Now",
    "image": "https://picsum.photos/id/190/200/300"
  },
  {
    "id": 191,
    "name": "Family Store",
    "category": "Clothing",
    "address": "14, Station Road, Visakhapatnam, Andhra Pradesh",
    "phone": "+91 7953426900",
    "rating": 3.9,
    "distance": "1.3 km",
    "status": "Closed",
    "image": "https://picsum.photos/id/191/200/300"
  },
  {
    "id": 192,
    "name": "Elite Shop",
    "category": "Footwear",
    "address": "42, Market Street, Bhopal, Madhya Pradesh",
    "phone": "+91 7890483416",
    "rating": 4.3,
    "distance": "7.0 km",
    "status": "Closed",
    "image": "https://picsum.photos/id/192/200/300"
  },
  {
    "id": 193,
    "name": "Golden Hub",
    "category": "Grocery",
    "address": "117, Station Road, Chandigarh, Punjab",
    "phone": "+91 9133461284",
    "rating": 4.4,
    "distance": "5.8 km",
    "status": "Open Now",
    "image": "https://picsum.photos/id/193/200/300"
  },
  {
    "id": 194,
    "name": "Happy Hub",
    "category": "Food",
    "address": "74, MG Road, Mumbai, Maharashtra",
    "phone": "+91 7760342082",
    "rating": 4.0,
    "distance": "5.3 km",
    "status": "Open Now",
    "image": "https://picsum.photos/id/194/200/300"
  },
  {
    "id": 195,
    "name": "Royal Point",
    "category": "Grocery",
    "address": "121, MG Road, Surat, Gujarat",
    "phone": "+91 9741777651",
    "rating": 3.9,
    "distance": "4.8 km",
    "status": "Closed",
    "image": "https://picsum.photos/id/195/200/300"
  },
  {
    "id": 196,
    "name": "Happy Market",
    "category": "Food",
    "address": "39, Main Road, Bangalore, Karnataka",
    "phone": "+91 7368901338",
    "rating": 4.4,
    "distance": "9.7 km",
    "status": "Open Now",
    "image": "https://picsum.photos/id/196/200/300"
  },
  {
    "id": 197,
    "name": "Green Hub",
    "category": "Electronics",
    "address": "30, Market Street, Mumbai, Maharashtra",
    "phone": "+91 8907676873",
    "rating": 4.4,
    "distance": "2.7 km",
    "status": "Open Now",
    "image": "https://picsum.photos/id/197/200/300"
  },
  {
    "id": 198,
    "name": "Metro Point",
    "category": "Footwear",
    "address": "131, Main Road, Chandigarh, Punjab",
    "phone": "+91 9888904490",
    "rating": 4.2,
    "distance": "1.6 km",
    "status": "Closed",
    "image": "https://picsum.photos/id/198/200/300"
  },
  {
    "id": 199,
    "name": "Super Plaza",
    "category": "Pet Store",
    "address": "186, Market Street, Bhopal, Madhya Pradesh",
    "phone": "+91 8893182195",
    "rating": 4.5,
    "distance": "9.7 km",
    "status": "Open Now",
    "image": "https://picsum.photos/id/199/200/300"
  },
  {
    "id": 200,
    "name": "Green Center",
    "category": "Carpenter",
    "address": "28, Bazaar Road, Visakhapatnam, Andhra Pradesh",
    "phone": "+91 9529221817",
    "rating": 4.0,
    "distance": "8.9 km",
    "status": "Open Now",
    "image": "https://picsum.photos/id/200/200/300"
  },
  {
    "id": 201,
    "name": "Classic Hub",
    "category": "Salon",
    "address": "84, Station Road, Mumbai, Maharashtra",
    "phone": "+91 9470992067",
    "rating": 4.5,
    "distance": "6.4 km",
    "status": "Open Now",
    "image": "https://picsum.photos/id/201/200/300"
  },
  {
    "id": 202,
    "name": "Elite Corner",
    "category": "Clothing",
    "address": "153, Market Street, Pune, Maharashtra",
    "phone": "+91 7475813362",
    "rating": 4.7,
    "distance": "7.7 km",
    "status": "Open Now",
    "image": "https://picsum.photos/id/202/200/300"
  },
  {
    "id": 203,
    "name": "Urban Plaza",
    "category": "Restaurant",
    "address": "141, Station Road, Visakhapatnam, Andhra Pradesh",
    "phone": "+91 7297216676",
    "rating": 4.4,
    "distance": "3.3 km",
    "status": "Open Now",
    "image": "https://picsum.photos/id/203/200/300"
  },
  {
    "id": 204,
    "name": "Blue Shop",
    "category": "Plumber",
    "address": "174, Market Street, Mumbai, Maharashtra",
    "phone": "+91 7252009947",
    "rating": 4.7,
    "distance": "5.9 km",
    "status": "Closed",
    "image": "https://picsum.photos/id/204/200/300"
  },
  {
    "id": 205,
    "name": "Royal Hub",
    "category": "Laundry",
    "address": "169, Market Street, Mumbai, Maharashtra",
    "phone": "+91 8726145745",
    "rating": 4.5,
    "distance": "7.2 km",
    "status": "Closed",
    "image": "https://picsum.photos/id/205/200/300"
  },
  {
    "id": 206,
    "name": "Quick Mart",
    "category": "Stationery",
    "address": "123, Bazaar Road, Chennai, Tamil Nadu",
    "phone": "+91 7897407438",
    "rating": 3.6,
    "distance": "0.9 km",
    "status": "Closed",
    "image": "https://picsum.photos/id/206/200/300"
  },
  {
    "id": 207,
    "name": "Super Mart",
    "category": "Carpenter",
    "address": "142, Station Road, Hyderabad, Telangana",
    "phone": "+91 8168293625",
    "rating": 4.1,
    "distance": "7.1 km",
    "status": "Closed",
    "image": "https://picsum.photos/id/207/200/300"
  },
  {
    "id": 208,
    "name": "Royal Store",
    "category": "Grocery",
    "address": "101, Station Road, Gurgaon, Haryana",
    "phone": "+91 7655888819",
    "rating": 4.9,
    "distance": "1.1 km",
    "status": "Closed",
    "image": "https://picsum.photos/id/208/200/300"
  },
  {
    "id": 209,
    "name": "Golden Market",
    "category": "Sports Shop",
    "address": "167, Station Road, Delhi, Delhi",
    "phone": "+91 9467201058",
    "rating": 5.0,
    "distance": "1.9 km",
    "status": "Closed",
    "image": "https://picsum.photos/id/209/200/300"
  },
  {
    "id": 210,
    "name": "Prime Point",
    "category": "Bakery",
    "address": "172, Bazaar Road, Bangalore, Karnataka",
    "phone": "+91 8159774656",
    "rating": 4.6,
    "distance": "8.5 km",
    "status": "Open Now",
    "image": "https://picsum.photos/id/210/200/300"
  }
]